{"DEP1Color":0.645257890224457,"DEP2Color":0.500506341457367,"DEP1Type":16,"DEP2Type":22}
