{"DEP1Color":0.825272262096405,"DEP2Color":0.348300129175186,"DEP1Type":9,"DEP2Type":26}
