{"DEP1Color":0.349555432796478,"DEP2Color":0.793879210948944,"DEP1Type":27,"DEP2Type":27}
