{"recordKomaBoard":["020406050302010101010101000000000000000000000000010101010101020305060402","020406050302010101010101000001000000000000000000010100010101020305060402","020406050302010101000101000001000000000000000000010100010101020305060402","020406050302010101000101000001000000000100000000010000010101020305060402","020406050302010101000101000000000000000101000000010000010101020305060402","020406050302010101000101000100000000000001000000010000010101020305060402","020406050302000101000101010100000000000001000000010000010101020305060402","020406050302000101000101010000000000000001000000010000010101020305060402"],"recordPlayerBoard":["222222222222000000000000111111111111","222222222222001000000000110111111111","222222222022002000000000110111111111","222222222022002000010000100111111111","222222222022000000012000100111111111","222222222022010000002000100111111111","222222022022210000002000100111111111","222222021022200000002000100111111111"],"Fplayer":[1,-1,1,-1,1,-1,1,-1],"P1sideHave":[0,0,0,0,0,0,0,0],"P2sideHave":[0,0,0,0,0,0,0,0],"P1sideTime":[60000,60000,60000,60000,60000,60000,60000,60000],"P2sideTime":[60000,60000,60000,60000,60000,60000,60000,60000],"P1kingMove":[false,false,false,false,false,false,false,false],"P1RightRookMove":[false,false,false,false,false,false,false,false],"P1LeftRookMove":[false,false,false,false,false,false,false,false],"P2kingMove":[false,false,false,false,false,false,false,false],"P2RightRookMove":[false,false,false,false,false,false,false,false],"P2LeftRookMove":[false,false,false,false,false,false,false,false],"p1ShougiKinshi":[0,0,0,0,0,0,0,0],"p2ShougiKinshi":[0,0,0,0,0,0,0,0],"player1Type":0,"player2Type":0,"p1DEType":27,"p1DEColor":0.349555432796478,"p2DEType":27,"p2DEColor":0.793879210948944,"gameType":6}
